Unnamed: 0,jumlah_transaksi,jumlah_produk,rata_rata_produk_per_transaksi,min_support
Bulk Toy,435,2453,36.56781609195402,0.03
Stationery,163,2327,68.23926380368098,0.06134969325153374
Lighting,245,1864,24.23673469387755,0.04081632653061224
Core Shoppers,20324,4060,22.94946860854163,0.02
Antique Glass,118,1409,23.58474576271187,0.0847457627118644
Ornamental,681,2559,26.11013215859031,0.01468428781204112
Educational,98,363,5.102040816326531,0.1020408163265306
